,Participant,Comfort_Post,Likeable_Post,More_Time_Post,Group,Pair,Mean_liking_Post
52,A,8,8,8,IC,01,8
53,B,8,8,7,IC,01,7.666666666666667
54,A,8,8,8,IC,02,8
55,B,8,8,8,IC,02,8
56,A,7,7,7,IC,03,7
57,B,8,7,7,IC,03,7.333333333333333
58,A,8,4,1,IC,04,4.333333333333333
59,B,6,6,5,IC,04,5.666666666666667
60,A,6,7,7,IC,05,6.666666666666667
61,B,8,8,8,IC,05,8
